NSample,Dimension,Distribution,prob
40,100,Gaussian,0.0
40,110,Gaussian,0.02
40,120,Gaussian,0.06
40,130,Gaussian,0.0
40,140,Gaussian,0.08
40,150,Gaussian,0.18
40,160,Gaussian,0.24
40,170,Gaussian,0.26
40,180,Gaussian,0.3
40,190,Gaussian,0.38
40,200,Gaussian,0.44
40,210,Gaussian,0.5
40,220,Gaussian,0.54
40,230,Gaussian,0.56
40,240,Gaussian,0.68
40,250,Gaussian,0.66
40,260,Gaussian,0.7
40,270,Gaussian,0.78
40,280,Gaussian,0.74
40,290,Gaussian,0.76
40,300,Gaussian,0.88
40,310,Gaussian,0.96
40,320,Gaussian,0.78
40,330,Gaussian,0.82
40,340,Gaussian,0.9
40,350,Gaussian,0.92
40,360,Gaussian,0.94
40,370,Gaussian,0.88
40,380,Gaussian,0.94
40,390,Gaussian,0.94
40,400,Gaussian,0.94
40,410,Gaussian,0.96
40,420,Gaussian,0.98
40,430,Gaussian,0.98
40,440,Gaussian,0.94
40,450,Gaussian,0.98
40,460,Gaussian,1.0
40,470,Gaussian,0.98
40,480,Gaussian,0.94
40,490,Gaussian,1.0
40,500,Gaussian,1.0
40,510,Gaussian,1.0
40,520,Gaussian,1.0
40,530,Gaussian,1.0
40,540,Gaussian,1.0
40,550,Gaussian,0.98
40,560,Gaussian,1.0
40,570,Gaussian,1.0
40,580,Gaussian,1.0
40,590,Gaussian,1.0
40,600,Gaussian,1.0
40,610,Gaussian,1.0
40,620,Gaussian,1.0
40,630,Gaussian,1.0
40,640,Gaussian,1.0
40,650,Gaussian,1.0
40,660,Gaussian,1.0
40,670,Gaussian,1.0
40,680,Gaussian,1.0
40,690,Gaussian,1.0
40,700,Gaussian,1.0
40,710,Gaussian,1.0
40,720,Gaussian,1.0
40,730,Gaussian,1.0
40,740,Gaussian,1.0
40,750,Gaussian,1.0
40,760,Gaussian,1.0
40,770,Gaussian,1.0
40,780,Gaussian,1.0
40,790,Gaussian,1.0
40,800,Gaussian,1.0
40,810,Gaussian,1.0
40,820,Gaussian,1.0
40,830,Gaussian,1.0
40,840,Gaussian,1.0
40,850,Gaussian,1.0
40,860,Gaussian,1.0
40,870,Gaussian,1.0
40,880,Gaussian,1.0
40,890,Gaussian,1.0
40,900,Gaussian,1.0
40,910,Gaussian,1.0
40,920,Gaussian,1.0
40,930,Gaussian,1.0
40,940,Gaussian,1.0
40,950,Gaussian,1.0
40,960,Gaussian,1.0
40,970,Gaussian,1.0
40,980,Gaussian,1.0
40,990,Gaussian,1.0
42,100,Gaussian,0.0
42,110,Gaussian,0.04
42,120,Gaussian,0.04
42,130,Gaussian,0.04
42,140,Gaussian,0.06
42,150,Gaussian,0.06
42,160,Gaussian,0.18
42,170,Gaussian,0.14
42,180,Gaussian,0.22
42,190,Gaussian,0.3
42,200,Gaussian,0.38
42,210,Gaussian,0.28
42,220,Gaussian,0.44
42,230,Gaussian,0.48
42,240,Gaussian,0.46
42,250,Gaussian,0.54
42,260,Gaussian,0.58
42,270,Gaussian,0.74
42,280,Gaussian,0.66
42,290,Gaussian,0.72
42,300,Gaussian,0.82
42,310,Gaussian,0.78
42,320,Gaussian,0.76
42,330,Gaussian,0.84
42,340,Gaussian,0.84
42,350,Gaussian,0.88
42,360,Gaussian,0.88
42,370,Gaussian,0.88
42,380,Gaussian,0.9
42,390,Gaussian,0.88
42,400,Gaussian,0.88
42,410,Gaussian,0.98
42,420,Gaussian,0.98
42,430,Gaussian,1.0
42,440,Gaussian,0.96
42,450,Gaussian,0.98
42,460,Gaussian,0.98
42,470,Gaussian,0.96
42,480,Gaussian,0.98
42,490,Gaussian,1.0
42,500,Gaussian,0.98
42,510,Gaussian,1.0
42,520,Gaussian,1.0
42,530,Gaussian,1.0
42,540,Gaussian,1.0
42,550,Gaussian,0.98
42,560,Gaussian,1.0
42,570,Gaussian,1.0
42,580,Gaussian,1.0
42,590,Gaussian,1.0
42,600,Gaussian,1.0
42,610,Gaussian,1.0
42,620,Gaussian,1.0
42,630,Gaussian,0.98
42,640,Gaussian,1.0
42,650,Gaussian,1.0
42,660,Gaussian,1.0
42,670,Gaussian,1.0
42,680,Gaussian,1.0
42,690,Gaussian,1.0
42,700,Gaussian,1.0
42,710,Gaussian,1.0
42,720,Gaussian,1.0
42,730,Gaussian,1.0
42,740,Gaussian,1.0
42,750,Gaussian,1.0
42,760,Gaussian,1.0
42,770,Gaussian,1.0
42,780,Gaussian,1.0
42,790,Gaussian,1.0
42,800,Gaussian,1.0
42,810,Gaussian,1.0
42,820,Gaussian,1.0
42,830,Gaussian,1.0
42,840,Gaussian,1.0
42,850,Gaussian,1.0
42,860,Gaussian,1.0
42,870,Gaussian,1.0
42,880,Gaussian,1.0
42,890,Gaussian,1.0
42,900,Gaussian,1.0
42,910,Gaussian,1.0
42,920,Gaussian,1.0
42,930,Gaussian,1.0
42,940,Gaussian,1.0
42,950,Gaussian,1.0
42,960,Gaussian,1.0
42,970,Gaussian,1.0
42,980,Gaussian,1.0
42,990,Gaussian,1.0
44,100,Gaussian,0.0
44,110,Gaussian,0.0
44,120,Gaussian,0.04
44,130,Gaussian,0.0
44,140,Gaussian,0.08
44,150,Gaussian,0.12
44,160,Gaussian,0.18
44,170,Gaussian,0.18
44,180,Gaussian,0.14
44,190,Gaussian,0.24
44,200,Gaussian,0.3
44,210,Gaussian,0.34
44,220,Gaussian,0.28
44,230,Gaussian,0.28
44,240,Gaussian,0.38
44,250,Gaussian,0.44
44,260,Gaussian,0.52
44,270,Gaussian,0.56
44,280,Gaussian,0.72
44,290,Gaussian,0.76
44,300,Gaussian,0.78
44,310,Gaussian,0.82
44,320,Gaussian,0.7
44,330,Gaussian,0.7
44,340,Gaussian,0.88
44,350,Gaussian,0.88
44,360,Gaussian,0.88
44,370,Gaussian,0.84
44,380,Gaussian,0.88
44,390,Gaussian,0.88
44,400,Gaussian,0.96
44,410,Gaussian,0.9
44,420,Gaussian,0.98
44,430,Gaussian,0.96
44,440,Gaussian,0.92
44,450,Gaussian,0.96
44,460,Gaussian,1.0
44,470,Gaussian,0.94
44,480,Gaussian,1.0
44,490,Gaussian,0.96
44,500,Gaussian,0.96
44,510,Gaussian,1.0
44,520,Gaussian,0.98
44,530,Gaussian,1.0
44,540,Gaussian,1.0
44,550,Gaussian,1.0
44,560,Gaussian,1.0
44,570,Gaussian,0.96
44,580,Gaussian,0.98
44,590,Gaussian,1.0
44,600,Gaussian,0.98
44,610,Gaussian,1.0
44,620,Gaussian,0.96
44,630,Gaussian,1.0
44,640,Gaussian,1.0
44,650,Gaussian,1.0
44,660,Gaussian,1.0
44,670,Gaussian,0.98
44,680,Gaussian,1.0
44,690,Gaussian,1.0
44,700,Gaussian,1.0
44,710,Gaussian,1.0
44,720,Gaussian,1.0
44,730,Gaussian,1.0
44,740,Gaussian,1.0
44,750,Gaussian,1.0
44,760,Gaussian,1.0
44,770,Gaussian,1.0
44,780,Gaussian,1.0
44,790,Gaussian,1.0
44,800,Gaussian,1.0
44,810,Gaussian,1.0
44,820,Gaussian,1.0
44,830,Gaussian,1.0
44,840,Gaussian,1.0
44,850,Gaussian,1.0
44,860,Gaussian,1.0
44,870,Gaussian,1.0
44,880,Gaussian,1.0
44,890,Gaussian,1.0
44,900,Gaussian,1.0
44,910,Gaussian,1.0
44,920,Gaussian,1.0
44,930,Gaussian,1.0
44,940,Gaussian,1.0
44,950,Gaussian,1.0
44,960,Gaussian,1.0
44,970,Gaussian,1.0
44,980,Gaussian,1.0
44,990,Gaussian,1.0
46,100,Gaussian,0.0
46,110,Gaussian,0.0
46,120,Gaussian,0.02
46,130,Gaussian,0.0
46,140,Gaussian,0.0
46,150,Gaussian,0.02
46,160,Gaussian,0.06
46,170,Gaussian,0.08
46,180,Gaussian,0.12
46,190,Gaussian,0.22
46,200,Gaussian,0.14
46,210,Gaussian,0.38
46,220,Gaussian,0.3
46,230,Gaussian,0.42
46,240,Gaussian,0.3
46,250,Gaussian,0.4
46,260,Gaussian,0.48
46,270,Gaussian,0.5
46,280,Gaussian,0.64
46,290,Gaussian,0.7
46,300,Gaussian,0.74
46,310,Gaussian,0.76
46,320,Gaussian,0.64
46,330,Gaussian,0.8
46,340,Gaussian,0.88
46,350,Gaussian,0.8
46,360,Gaussian,0.86
46,370,Gaussian,0.82
46,380,Gaussian,0.8
46,390,Gaussian,0.84
46,400,Gaussian,0.86
46,410,Gaussian,0.92
46,420,Gaussian,0.94
46,430,Gaussian,0.92
46,440,Gaussian,0.98
46,450,Gaussian,0.88
46,460,Gaussian,0.94
46,470,Gaussian,0.96
46,480,Gaussian,0.98
46,490,Gaussian,0.92
46,500,Gaussian,0.94
46,510,Gaussian,0.96
46,520,Gaussian,0.9
46,530,Gaussian,1.0
46,540,Gaussian,1.0
46,550,Gaussian,0.94
46,560,Gaussian,1.0
46,570,Gaussian,0.94
46,580,Gaussian,1.0
46,590,Gaussian,1.0
46,600,Gaussian,0.98
46,610,Gaussian,1.0
46,620,Gaussian,0.98
46,630,Gaussian,1.0
46,640,Gaussian,1.0
46,650,Gaussian,0.98
46,660,Gaussian,0.98
46,670,Gaussian,1.0
46,680,Gaussian,1.0
46,690,Gaussian,1.0
46,700,Gaussian,0.98
46,710,Gaussian,1.0
46,720,Gaussian,1.0
46,730,Gaussian,1.0
46,740,Gaussian,1.0
46,750,Gaussian,1.0
46,760,Gaussian,1.0
46,770,Gaussian,1.0
46,780,Gaussian,1.0
46,790,Gaussian,1.0
46,800,Gaussian,1.0
46,810,Gaussian,1.0
46,820,Gaussian,1.0
46,830,Gaussian,1.0
46,840,Gaussian,1.0
46,850,Gaussian,1.0
46,860,Gaussian,1.0
46,870,Gaussian,1.0
46,880,Gaussian,1.0
46,890,Gaussian,1.0
46,900,Gaussian,1.0
46,910,Gaussian,1.0
46,920,Gaussian,1.0
46,930,Gaussian,1.0
46,940,Gaussian,1.0
46,950,Gaussian,1.0
46,960,Gaussian,1.0
46,970,Gaussian,1.0
46,980,Gaussian,1.0
46,990,Gaussian,1.0
48,100,Gaussian,0.0
48,110,Gaussian,0.0
48,120,Gaussian,0.0
48,130,Gaussian,0.0
48,140,Gaussian,0.02
48,150,Gaussian,0.0
48,160,Gaussian,0.06
48,170,Gaussian,0.08
48,180,Gaussian,0.16
48,190,Gaussian,0.14
48,200,Gaussian,0.12
48,210,Gaussian,0.2
48,220,Gaussian,0.24
48,230,Gaussian,0.32
48,240,Gaussian,0.36
48,250,Gaussian,0.44
48,260,Gaussian,0.36
48,270,Gaussian,0.5
48,280,Gaussian,0.56
48,290,Gaussian,0.64
48,300,Gaussian,0.56
48,310,Gaussian,0.56
48,320,Gaussian,0.66
48,330,Gaussian,0.7
48,340,Gaussian,0.66
48,350,Gaussian,0.76
48,360,Gaussian,0.84
48,370,Gaussian,0.74
48,380,Gaussian,0.78
48,390,Gaussian,0.74
48,400,Gaussian,0.84
48,410,Gaussian,0.9
48,420,Gaussian,0.86
48,430,Gaussian,0.9
48,440,Gaussian,0.94
48,450,Gaussian,0.84
48,460,Gaussian,0.92
48,470,Gaussian,0.96
48,480,Gaussian,0.98
48,490,Gaussian,0.96
48,500,Gaussian,0.98
48,510,Gaussian,0.94
48,520,Gaussian,0.98
48,530,Gaussian,0.96
48,540,Gaussian,0.96
48,550,Gaussian,0.98
48,560,Gaussian,0.98
48,570,Gaussian,1.0
48,580,Gaussian,0.94
48,590,Gaussian,1.0
48,600,Gaussian,0.96
48,610,Gaussian,1.0
48,620,Gaussian,0.96
48,630,Gaussian,0.98
48,640,Gaussian,0.98
48,650,Gaussian,0.98
48,660,Gaussian,1.0
48,670,Gaussian,0.98
48,680,Gaussian,1.0
48,690,Gaussian,1.0
48,700,Gaussian,1.0
48,710,Gaussian,1.0
48,720,Gaussian,1.0
48,730,Gaussian,1.0
48,740,Gaussian,1.0
48,750,Gaussian,1.0
48,760,Gaussian,1.0
48,770,Gaussian,1.0
48,780,Gaussian,1.0
48,790,Gaussian,1.0
48,800,Gaussian,0.98
48,810,Gaussian,1.0
48,820,Gaussian,1.0
48,830,Gaussian,0.98
48,840,Gaussian,1.0
48,850,Gaussian,1.0
48,860,Gaussian,1.0
48,870,Gaussian,1.0
48,880,Gaussian,1.0
48,890,Gaussian,1.0
48,900,Gaussian,1.0
48,910,Gaussian,1.0
48,920,Gaussian,1.0
48,930,Gaussian,0.98
48,940,Gaussian,1.0
48,950,Gaussian,1.0
48,960,Gaussian,1.0
48,970,Gaussian,1.0
48,980,Gaussian,1.0
48,990,Gaussian,1.0
50,100,Gaussian,0.0
50,110,Gaussian,0.0
50,120,Gaussian,0.0
50,130,Gaussian,0.0
50,140,Gaussian,0.0
50,150,Gaussian,0.02
50,160,Gaussian,0.04
50,170,Gaussian,0.06
50,180,Gaussian,0.06
50,190,Gaussian,0.08
50,200,Gaussian,0.04
50,210,Gaussian,0.1
50,220,Gaussian,0.28
50,230,Gaussian,0.16
50,240,Gaussian,0.34
50,250,Gaussian,0.2
50,260,Gaussian,0.38
50,270,Gaussian,0.4
50,280,Gaussian,0.46
50,290,Gaussian,0.38
50,300,Gaussian,0.52
50,310,Gaussian,0.68
50,320,Gaussian,0.6
50,330,Gaussian,0.6
50,340,Gaussian,0.66
50,350,Gaussian,0.76
50,360,Gaussian,0.7
50,370,Gaussian,0.76
50,380,Gaussian,0.82
50,390,Gaussian,0.76
50,400,Gaussian,0.8
50,410,Gaussian,0.82
50,420,Gaussian,0.86
50,430,Gaussian,0.88
50,440,Gaussian,0.86
50,450,Gaussian,0.9
50,460,Gaussian,0.98
50,470,Gaussian,0.9
50,480,Gaussian,0.96
50,490,Gaussian,1.0
50,500,Gaussian,0.92
50,510,Gaussian,0.94
50,520,Gaussian,0.98
50,530,Gaussian,0.92
50,540,Gaussian,0.98
50,550,Gaussian,0.98
50,560,Gaussian,0.98
50,570,Gaussian,0.94
50,580,Gaussian,0.92
50,590,Gaussian,0.96
50,600,Gaussian,1.0
50,610,Gaussian,0.98
50,620,Gaussian,1.0
50,630,Gaussian,1.0
50,640,Gaussian,1.0
50,650,Gaussian,1.0
50,660,Gaussian,1.0
50,670,Gaussian,1.0
50,680,Gaussian,1.0
50,690,Gaussian,1.0
50,700,Gaussian,1.0
50,710,Gaussian,1.0
50,720,Gaussian,1.0
50,730,Gaussian,1.0
50,740,Gaussian,1.0
50,750,Gaussian,1.0
50,760,Gaussian,1.0
50,770,Gaussian,1.0
50,780,Gaussian,1.0
50,790,Gaussian,1.0
50,800,Gaussian,1.0
50,810,Gaussian,1.0
50,820,Gaussian,1.0
50,830,Gaussian,1.0
50,840,Gaussian,1.0
50,850,Gaussian,1.0
50,860,Gaussian,1.0
50,870,Gaussian,1.0
50,880,Gaussian,1.0
50,890,Gaussian,0.98
50,900,Gaussian,1.0
50,910,Gaussian,1.0
50,920,Gaussian,1.0
50,930,Gaussian,1.0
50,940,Gaussian,1.0
50,950,Gaussian,1.0
50,960,Gaussian,1.0
50,970,Gaussian,1.0
50,980,Gaussian,1.0
50,990,Gaussian,1.0
52,100,Gaussian,0.0
52,110,Gaussian,0.0
52,120,Gaussian,0.0
52,130,Gaussian,0.02
52,140,Gaussian,0.0
52,150,Gaussian,0.0
52,160,Gaussian,0.02
52,170,Gaussian,0.02
52,180,Gaussian,0.06
52,190,Gaussian,0.04
52,200,Gaussian,0.06
52,210,Gaussian,0.08
52,220,Gaussian,0.12
52,230,Gaussian,0.28
52,240,Gaussian,0.2
52,250,Gaussian,0.32
52,260,Gaussian,0.24
52,270,Gaussian,0.44
52,280,Gaussian,0.48
52,290,Gaussian,0.42
52,300,Gaussian,0.46
52,310,Gaussian,0.58
52,320,Gaussian,0.72
52,330,Gaussian,0.62
52,340,Gaussian,0.66
52,350,Gaussian,0.62
52,360,Gaussian,0.72
52,370,Gaussian,0.78
52,380,Gaussian,0.74
52,390,Gaussian,0.6
52,400,Gaussian,0.82
52,410,Gaussian,0.74
52,420,Gaussian,0.86
52,430,Gaussian,0.96
52,440,Gaussian,0.84
52,450,Gaussian,0.92
52,460,Gaussian,0.9
52,470,Gaussian,0.98
52,480,Gaussian,0.92
52,490,Gaussian,0.92
52,500,Gaussian,0.86
52,510,Gaussian,0.94
52,520,Gaussian,0.94
52,530,Gaussian,0.9
52,540,Gaussian,0.9
52,550,Gaussian,0.88
52,560,Gaussian,1.0
52,570,Gaussian,0.98
52,580,Gaussian,1.0
52,590,Gaussian,0.96
52,600,Gaussian,0.96
52,610,Gaussian,0.98
52,620,Gaussian,1.0
52,630,Gaussian,0.94
52,640,Gaussian,1.0
52,650,Gaussian,0.98
52,660,Gaussian,0.96
52,670,Gaussian,0.98
52,680,Gaussian,0.98
52,690,Gaussian,1.0
52,700,Gaussian,0.98
52,710,Gaussian,0.98
52,720,Gaussian,0.96
52,730,Gaussian,1.0
52,740,Gaussian,0.98
52,750,Gaussian,0.98
52,760,Gaussian,1.0
52,770,Gaussian,1.0
52,780,Gaussian,1.0
52,790,Gaussian,1.0
52,800,Gaussian,1.0
52,810,Gaussian,1.0
52,820,Gaussian,1.0
52,830,Gaussian,1.0
52,840,Gaussian,0.98
52,850,Gaussian,1.0
52,860,Gaussian,1.0
52,870,Gaussian,1.0
52,880,Gaussian,1.0
52,890,Gaussian,1.0
52,900,Gaussian,1.0
52,910,Gaussian,1.0
52,920,Gaussian,0.98
52,930,Gaussian,1.0
52,940,Gaussian,1.0
52,950,Gaussian,1.0
52,960,Gaussian,1.0
52,970,Gaussian,1.0
52,980,Gaussian,0.98
52,990,Gaussian,1.0
54,100,Gaussian,0.0
54,110,Gaussian,0.0
54,120,Gaussian,0.0
54,130,Gaussian,0.0
54,140,Gaussian,0.0
54,150,Gaussian,0.02
54,160,Gaussian,0.02
54,170,Gaussian,0.02
54,180,Gaussian,0.04
54,190,Gaussian,0.04
54,200,Gaussian,0.04
54,210,Gaussian,0.04
54,220,Gaussian,0.06
54,230,Gaussian,0.22
54,240,Gaussian,0.22
54,250,Gaussian,0.1
54,260,Gaussian,0.3
54,270,Gaussian,0.36
54,280,Gaussian,0.48
54,290,Gaussian,0.38
54,300,Gaussian,0.42
54,310,Gaussian,0.56
54,320,Gaussian,0.58
54,330,Gaussian,0.5
54,340,Gaussian,0.6
54,350,Gaussian,0.52
54,360,Gaussian,0.56
54,370,Gaussian,0.56
54,380,Gaussian,0.76
54,390,Gaussian,0.8
54,400,Gaussian,0.8
54,410,Gaussian,0.64
54,420,Gaussian,0.84
54,430,Gaussian,0.84
54,440,Gaussian,0.84
54,450,Gaussian,0.8
54,460,Gaussian,0.92
54,470,Gaussian,0.8
54,480,Gaussian,0.9
54,490,Gaussian,0.9
54,500,Gaussian,0.9
54,510,Gaussian,0.94
54,520,Gaussian,0.9
54,530,Gaussian,0.9
54,540,Gaussian,0.94
54,550,Gaussian,0.88
54,560,Gaussian,0.88
54,570,Gaussian,0.98
54,580,Gaussian,0.98
54,590,Gaussian,0.94
54,600,Gaussian,1.0
54,610,Gaussian,0.98
54,620,Gaussian,0.94
54,630,Gaussian,0.98
54,640,Gaussian,0.98
54,650,Gaussian,1.0
54,660,Gaussian,0.98
54,670,Gaussian,1.0
54,680,Gaussian,1.0
54,690,Gaussian,1.0
54,700,Gaussian,1.0
54,710,Gaussian,1.0
54,720,Gaussian,0.98
54,730,Gaussian,0.98
54,740,Gaussian,0.98
54,750,Gaussian,1.0
54,760,Gaussian,1.0
54,770,Gaussian,0.98
54,780,Gaussian,1.0
54,790,Gaussian,0.98
54,800,Gaussian,0.98
54,810,Gaussian,1.0
54,820,Gaussian,1.0
54,830,Gaussian,1.0
54,840,Gaussian,0.98
54,850,Gaussian,1.0
54,860,Gaussian,1.0
54,870,Gaussian,1.0
54,880,Gaussian,1.0
54,890,Gaussian,1.0
54,900,Gaussian,1.0
54,910,Gaussian,1.0
54,920,Gaussian,1.0
54,930,Gaussian,1.0
54,940,Gaussian,1.0
54,950,Gaussian,1.0
54,960,Gaussian,1.0
54,970,Gaussian,1.0
54,980,Gaussian,1.0
54,990,Gaussian,1.0
56,100,Gaussian,0.0
56,110,Gaussian,0.0
56,120,Gaussian,0.0
56,130,Gaussian,0.0
56,140,Gaussian,0.0
56,150,Gaussian,0.0
56,160,Gaussian,0.02
56,170,Gaussian,0.0
56,180,Gaussian,0.0
56,190,Gaussian,0.06
56,200,Gaussian,0.02
56,210,Gaussian,0.08
56,220,Gaussian,0.08
56,230,Gaussian,0.18
56,240,Gaussian,0.1
56,250,Gaussian,0.14
56,260,Gaussian,0.16
56,270,Gaussian,0.24
56,280,Gaussian,0.2
56,290,Gaussian,0.3
56,300,Gaussian,0.44
56,310,Gaussian,0.3
56,320,Gaussian,0.4
56,330,Gaussian,0.46
56,340,Gaussian,0.58
56,350,Gaussian,0.64
56,360,Gaussian,0.54
56,370,Gaussian,0.6
56,380,Gaussian,0.66
56,390,Gaussian,0.66
56,400,Gaussian,0.84
56,410,Gaussian,0.74
56,420,Gaussian,0.78
56,430,Gaussian,0.66
56,440,Gaussian,0.82
56,450,Gaussian,0.88
56,460,Gaussian,0.72
56,470,Gaussian,0.74
56,480,Gaussian,0.8
56,490,Gaussian,0.92
56,500,Gaussian,0.86
56,510,Gaussian,0.84
56,520,Gaussian,0.94
56,530,Gaussian,0.9
56,540,Gaussian,0.94
56,550,Gaussian,0.92
56,560,Gaussian,0.9
56,570,Gaussian,0.96
56,580,Gaussian,0.98
56,590,Gaussian,0.98
56,600,Gaussian,0.94
56,610,Gaussian,0.94
56,620,Gaussian,0.92
56,630,Gaussian,0.98
56,640,Gaussian,0.9
56,650,Gaussian,0.94
56,660,Gaussian,0.96
56,670,Gaussian,1.0
56,680,Gaussian,0.98
56,690,Gaussian,0.98
56,700,Gaussian,0.98
56,710,Gaussian,1.0
56,720,Gaussian,1.0
56,730,Gaussian,1.0
56,740,Gaussian,0.96
56,750,Gaussian,1.0
56,760,Gaussian,1.0
56,770,Gaussian,0.96
56,780,Gaussian,1.0
56,790,Gaussian,1.0
56,800,Gaussian,1.0
56,810,Gaussian,1.0
56,820,Gaussian,1.0
56,830,Gaussian,1.0
56,840,Gaussian,1.0
56,850,Gaussian,1.0
56,860,Gaussian,1.0
56,870,Gaussian,1.0
56,880,Gaussian,1.0
56,890,Gaussian,1.0
56,900,Gaussian,1.0
56,910,Gaussian,1.0
56,920,Gaussian,1.0
56,930,Gaussian,1.0
56,940,Gaussian,0.96
56,950,Gaussian,1.0
56,960,Gaussian,0.98
56,970,Gaussian,1.0
56,980,Gaussian,1.0
56,990,Gaussian,1.0
58,100,Gaussian,0.0
58,110,Gaussian,0.0
58,120,Gaussian,0.0
58,130,Gaussian,0.0
58,140,Gaussian,0.0
58,150,Gaussian,0.0
58,160,Gaussian,0.0
58,170,Gaussian,0.02
58,180,Gaussian,0.02
58,190,Gaussian,0.02
58,200,Gaussian,0.02
58,210,Gaussian,0.06
58,220,Gaussian,0.06
58,230,Gaussian,0.06
58,240,Gaussian,0.08
58,250,Gaussian,0.1
58,260,Gaussian,0.24
58,270,Gaussian,0.28
58,280,Gaussian,0.14
58,290,Gaussian,0.38
58,300,Gaussian,0.26
58,310,Gaussian,0.4
58,320,Gaussian,0.54
58,330,Gaussian,0.5
58,340,Gaussian,0.46
58,350,Gaussian,0.56
58,360,Gaussian,0.5
58,370,Gaussian,0.62
58,380,Gaussian,0.62
58,390,Gaussian,0.56
58,400,Gaussian,0.62
58,410,Gaussian,0.7
58,420,Gaussian,0.64
58,430,Gaussian,0.8
58,440,Gaussian,0.8
58,450,Gaussian,0.8
58,460,Gaussian,0.74
58,470,Gaussian,0.8
58,480,Gaussian,0.82
58,490,Gaussian,0.88
58,500,Gaussian,0.88
58,510,Gaussian,0.94
58,520,Gaussian,0.88
58,530,Gaussian,0.98
58,540,Gaussian,0.96
58,550,Gaussian,0.9
58,560,Gaussian,0.88
58,570,Gaussian,0.92
58,580,Gaussian,0.92
58,590,Gaussian,0.94
58,600,Gaussian,0.98
58,610,Gaussian,0.96
58,620,Gaussian,1.0
58,630,Gaussian,0.92
58,640,Gaussian,0.94
58,650,Gaussian,0.96
58,660,Gaussian,0.94
58,670,Gaussian,0.98
58,680,Gaussian,0.98
58,690,Gaussian,0.94
58,700,Gaussian,0.96
58,710,Gaussian,0.96
58,720,Gaussian,1.0
58,730,Gaussian,0.98
58,740,Gaussian,0.98
58,750,Gaussian,1.0
58,760,Gaussian,1.0
58,770,Gaussian,0.98
58,780,Gaussian,1.0
58,790,Gaussian,1.0
58,800,Gaussian,0.98
58,810,Gaussian,1.0
58,820,Gaussian,1.0
58,830,Gaussian,1.0
58,840,Gaussian,1.0
58,850,Gaussian,0.98
58,860,Gaussian,1.0
58,870,Gaussian,0.98
58,880,Gaussian,1.0
58,890,Gaussian,0.98
58,900,Gaussian,1.0
58,910,Gaussian,1.0
58,920,Gaussian,1.0
58,930,Gaussian,1.0
58,940,Gaussian,1.0
58,950,Gaussian,1.0
58,960,Gaussian,0.98
58,970,Gaussian,1.0
58,980,Gaussian,1.0
58,990,Gaussian,1.0
60,100,Gaussian,0.0
60,110,Gaussian,0.0
60,120,Gaussian,0.0
60,130,Gaussian,0.0
60,140,Gaussian,0.0
60,150,Gaussian,0.0
60,160,Gaussian,0.0
60,170,Gaussian,0.02
60,180,Gaussian,0.02
60,190,Gaussian,0.04
60,200,Gaussian,0.02
60,210,Gaussian,0.06
60,220,Gaussian,0.02
60,230,Gaussian,0.02
60,240,Gaussian,0.12
60,250,Gaussian,0.06
60,260,Gaussian,0.2
60,270,Gaussian,0.12
60,280,Gaussian,0.26
60,290,Gaussian,0.3
60,300,Gaussian,0.38
60,310,Gaussian,0.3
60,320,Gaussian,0.28
60,330,Gaussian,0.26
60,340,Gaussian,0.42
60,350,Gaussian,0.44
60,360,Gaussian,0.56
60,370,Gaussian,0.5
60,380,Gaussian,0.5
60,390,Gaussian,0.62
60,400,Gaussian,0.72
60,410,Gaussian,0.58
60,420,Gaussian,0.76
60,430,Gaussian,0.58
60,440,Gaussian,0.74
60,450,Gaussian,0.68
60,460,Gaussian,0.76
60,470,Gaussian,0.72
60,480,Gaussian,0.76
60,490,Gaussian,0.86
60,500,Gaussian,0.86
60,510,Gaussian,0.86
60,520,Gaussian,0.86
60,530,Gaussian,0.86
60,540,Gaussian,0.88
60,550,Gaussian,0.9
60,560,Gaussian,0.92
60,570,Gaussian,0.84
60,580,Gaussian,0.88
60,590,Gaussian,0.9
60,600,Gaussian,0.98
60,610,Gaussian,0.98
60,620,Gaussian,0.92
60,630,Gaussian,0.92
60,640,Gaussian,0.98
60,650,Gaussian,0.94
60,660,Gaussian,0.98
60,670,Gaussian,0.92
60,680,Gaussian,0.94
60,690,Gaussian,1.0
60,700,Gaussian,0.94
60,710,Gaussian,0.94
60,720,Gaussian,0.98
60,730,Gaussian,0.96
60,740,Gaussian,0.98
60,750,Gaussian,1.0
60,760,Gaussian,0.98
60,770,Gaussian,1.0
60,780,Gaussian,0.98
60,790,Gaussian,0.98
60,800,Gaussian,0.98
60,810,Gaussian,1.0
60,820,Gaussian,0.98
60,830,Gaussian,1.0
60,840,Gaussian,1.0
60,850,Gaussian,1.0
60,860,Gaussian,1.0
60,870,Gaussian,1.0
60,880,Gaussian,0.98
60,890,Gaussian,1.0
60,900,Gaussian,1.0
60,910,Gaussian,1.0
60,920,Gaussian,1.0
60,930,Gaussian,0.98
60,940,Gaussian,1.0
60,950,Gaussian,0.98
60,960,Gaussian,1.0
60,970,Gaussian,1.0
60,980,Gaussian,1.0
60,990,Gaussian,1.0
62,100,Gaussian,0.0
62,110,Gaussian,0.0
62,120,Gaussian,0.0
62,130,Gaussian,0.0
62,140,Gaussian,0.0
62,150,Gaussian,0.0
62,160,Gaussian,0.0
62,170,Gaussian,0.0
62,180,Gaussian,0.02
62,190,Gaussian,0.0
62,200,Gaussian,0.0
62,210,Gaussian,0.02
62,220,Gaussian,0.06
62,230,Gaussian,0.04
62,240,Gaussian,0.06
62,250,Gaussian,0.06
62,260,Gaussian,0.08
62,270,Gaussian,0.16
62,280,Gaussian,0.12
62,290,Gaussian,0.18
62,300,Gaussian,0.24
62,310,Gaussian,0.3
62,320,Gaussian,0.28
62,330,Gaussian,0.44
62,340,Gaussian,0.42
62,350,Gaussian,0.3
62,360,Gaussian,0.38
62,370,Gaussian,0.4
62,380,Gaussian,0.56
62,390,Gaussian,0.54
62,400,Gaussian,0.68
62,410,Gaussian,0.52
62,420,Gaussian,0.72
62,430,Gaussian,0.52
62,440,Gaussian,0.64
62,450,Gaussian,0.68
62,460,Gaussian,0.7
62,470,Gaussian,0.78
62,480,Gaussian,0.74
62,490,Gaussian,0.72
62,500,Gaussian,0.72
62,510,Gaussian,0.82
62,520,Gaussian,0.82
62,530,Gaussian,0.78
62,540,Gaussian,0.88
62,550,Gaussian,0.78
62,560,Gaussian,0.84
62,570,Gaussian,0.88
62,580,Gaussian,0.84
62,590,Gaussian,0.92
62,600,Gaussian,0.94
62,610,Gaussian,0.9
62,620,Gaussian,0.88
62,630,Gaussian,0.94
62,640,Gaussian,0.96
62,650,Gaussian,0.98
62,660,Gaussian,0.92
62,670,Gaussian,0.96
62,680,Gaussian,0.96
62,690,Gaussian,1.0
62,700,Gaussian,0.94
62,710,Gaussian,0.98
62,720,Gaussian,0.96
62,730,Gaussian,0.98
62,740,Gaussian,0.98
62,750,Gaussian,0.98
62,760,Gaussian,0.96
62,770,Gaussian,0.98
62,780,Gaussian,1.0
62,790,Gaussian,0.92
62,800,Gaussian,1.0
62,810,Gaussian,0.98
62,820,Gaussian,1.0
62,830,Gaussian,1.0
62,840,Gaussian,1.0
62,850,Gaussian,1.0
62,860,Gaussian,1.0
62,870,Gaussian,1.0
62,880,Gaussian,1.0
62,890,Gaussian,0.98
62,900,Gaussian,1.0
62,910,Gaussian,1.0
62,920,Gaussian,1.0
62,930,Gaussian,0.98
62,940,Gaussian,0.98
62,950,Gaussian,1.0
62,960,Gaussian,1.0
62,970,Gaussian,1.0
62,980,Gaussian,1.0
62,990,Gaussian,1.0
64,100,Gaussian,0.0
64,110,Gaussian,0.0
64,120,Gaussian,0.0
64,130,Gaussian,0.0
64,140,Gaussian,0.0
64,150,Gaussian,0.0
64,160,Gaussian,0.0
64,170,Gaussian,0.0
64,180,Gaussian,0.0
64,190,Gaussian,0.0
64,200,Gaussian,0.04
64,210,Gaussian,0.0
64,220,Gaussian,0.02
64,230,Gaussian,0.02
64,240,Gaussian,0.0
64,250,Gaussian,0.06
64,260,Gaussian,0.06
64,270,Gaussian,0.1
64,280,Gaussian,0.16
64,290,Gaussian,0.22
64,300,Gaussian,0.12
64,310,Gaussian,0.24
64,320,Gaussian,0.32
64,330,Gaussian,0.18
64,340,Gaussian,0.3
64,350,Gaussian,0.4
64,360,Gaussian,0.32
64,370,Gaussian,0.4
64,380,Gaussian,0.46
64,390,Gaussian,0.46
64,400,Gaussian,0.38
64,410,Gaussian,0.58
64,420,Gaussian,0.54
64,430,Gaussian,0.56
64,440,Gaussian,0.62
64,450,Gaussian,0.7
64,460,Gaussian,0.7
64,470,Gaussian,0.76
64,480,Gaussian,0.62
64,490,Gaussian,0.68
64,500,Gaussian,0.74
64,510,Gaussian,0.8
64,520,Gaussian,0.84
64,530,Gaussian,0.88
64,540,Gaussian,0.82
64,550,Gaussian,0.92
64,560,Gaussian,0.96
64,570,Gaussian,0.9
64,580,Gaussian,0.88
64,590,Gaussian,0.88
64,600,Gaussian,0.9
64,610,Gaussian,0.94
64,620,Gaussian,0.86
64,630,Gaussian,0.92
64,640,Gaussian,0.96
64,650,Gaussian,0.96
64,660,Gaussian,0.96
64,670,Gaussian,0.92
64,680,Gaussian,0.92
64,690,Gaussian,0.92
64,700,Gaussian,0.9
64,710,Gaussian,0.94
64,720,Gaussian,0.94
64,730,Gaussian,0.96
64,740,Gaussian,0.98
64,750,Gaussian,1.0
64,760,Gaussian,0.96
64,770,Gaussian,0.98
64,780,Gaussian,0.98
64,790,Gaussian,1.0
64,800,Gaussian,0.98
64,810,Gaussian,1.0
64,820,Gaussian,1.0
64,830,Gaussian,1.0
64,840,Gaussian,1.0
64,850,Gaussian,0.98
64,860,Gaussian,1.0
64,870,Gaussian,1.0
64,880,Gaussian,1.0
64,890,Gaussian,1.0
64,900,Gaussian,1.0
64,910,Gaussian,1.0
64,920,Gaussian,1.0
64,930,Gaussian,0.98
64,940,Gaussian,0.98
64,950,Gaussian,1.0
64,960,Gaussian,0.98
64,970,Gaussian,0.98
64,980,Gaussian,1.0
64,990,Gaussian,1.0
66,100,Gaussian,0.0
66,110,Gaussian,0.0
66,120,Gaussian,0.0
66,130,Gaussian,0.0
66,140,Gaussian,0.0
66,150,Gaussian,0.0
66,160,Gaussian,0.0
66,170,Gaussian,0.0
66,180,Gaussian,0.0
66,190,Gaussian,0.0
66,200,Gaussian,0.0
66,210,Gaussian,0.02
66,220,Gaussian,0.0
66,230,Gaussian,0.02
66,240,Gaussian,0.08
66,250,Gaussian,0.02
66,260,Gaussian,0.02
66,270,Gaussian,0.08
66,280,Gaussian,0.02
66,290,Gaussian,0.06
66,300,Gaussian,0.1
66,310,Gaussian,0.24
66,320,Gaussian,0.1
66,330,Gaussian,0.28
66,340,Gaussian,0.28
66,350,Gaussian,0.28
66,360,Gaussian,0.34
66,370,Gaussian,0.44
66,380,Gaussian,0.54
66,390,Gaussian,0.5
66,400,Gaussian,0.48
66,410,Gaussian,0.44
66,420,Gaussian,0.52
66,430,Gaussian,0.58
66,440,Gaussian,0.52
66,450,Gaussian,0.48
66,460,Gaussian,0.68
66,470,Gaussian,0.72
66,480,Gaussian,0.72
66,490,Gaussian,0.76
66,500,Gaussian,0.72
66,510,Gaussian,0.76
66,520,Gaussian,0.78
66,530,Gaussian,0.74
66,540,Gaussian,0.7
66,550,Gaussian,0.82
66,560,Gaussian,0.9
66,570,Gaussian,0.9
66,580,Gaussian,0.9
66,590,Gaussian,0.9
66,600,Gaussian,0.78
66,610,Gaussian,0.94
66,620,Gaussian,0.86
66,630,Gaussian,0.84
66,640,Gaussian,0.96
66,650,Gaussian,0.94
66,660,Gaussian,0.94
66,670,Gaussian,0.92
66,680,Gaussian,0.94
66,690,Gaussian,0.92
66,700,Gaussian,0.96
66,710,Gaussian,0.94
66,720,Gaussian,0.96
66,730,Gaussian,1.0
66,740,Gaussian,0.86
66,750,Gaussian,0.86
66,760,Gaussian,0.98
66,770,Gaussian,0.96
66,780,Gaussian,0.96
66,790,Gaussian,0.96
66,800,Gaussian,0.94
66,810,Gaussian,0.98
66,820,Gaussian,1.0
66,830,Gaussian,1.0
66,840,Gaussian,0.98
66,850,Gaussian,0.96
66,860,Gaussian,0.98
66,870,Gaussian,0.98
66,880,Gaussian,1.0
66,890,Gaussian,0.98
66,900,Gaussian,1.0
66,910,Gaussian,1.0
66,920,Gaussian,1.0
66,930,Gaussian,1.0
66,940,Gaussian,1.0
66,950,Gaussian,1.0
66,960,Gaussian,1.0
66,970,Gaussian,1.0
66,980,Gaussian,1.0
66,990,Gaussian,1.0
68,100,Gaussian,0.0
68,110,Gaussian,0.0
68,120,Gaussian,0.0
68,130,Gaussian,0.0
68,140,Gaussian,0.0
68,150,Gaussian,0.0
68,160,Gaussian,0.0
68,170,Gaussian,0.02
68,180,Gaussian,0.0
68,190,Gaussian,0.0
68,200,Gaussian,0.02
68,210,Gaussian,0.0
68,220,Gaussian,0.0
68,230,Gaussian,0.0
68,240,Gaussian,0.04
68,250,Gaussian,0.04
68,260,Gaussian,0.06
68,270,Gaussian,0.06
68,280,Gaussian,0.02
68,290,Gaussian,0.06
68,300,Gaussian,0.14
68,310,Gaussian,0.22
68,320,Gaussian,0.12
68,330,Gaussian,0.22
68,340,Gaussian,0.2
68,350,Gaussian,0.12
68,360,Gaussian,0.18
68,370,Gaussian,0.34
68,380,Gaussian,0.4
68,390,Gaussian,0.24
68,400,Gaussian,0.54
68,410,Gaussian,0.34
68,420,Gaussian,0.46
68,430,Gaussian,0.38
68,440,Gaussian,0.62
68,450,Gaussian,0.52
68,460,Gaussian,0.7
68,470,Gaussian,0.62
68,480,Gaussian,0.68
68,490,Gaussian,0.6
68,500,Gaussian,0.68
68,510,Gaussian,0.66
68,520,Gaussian,0.7
68,530,Gaussian,0.72
68,540,Gaussian,0.8
68,550,Gaussian,0.78
68,560,Gaussian,0.78
68,570,Gaussian,0.78
68,580,Gaussian,0.84
68,590,Gaussian,0.94
68,600,Gaussian,0.72
68,610,Gaussian,0.88
68,620,Gaussian,0.94
68,630,Gaussian,0.86
68,640,Gaussian,0.96
68,650,Gaussian,0.9
68,660,Gaussian,0.9
68,670,Gaussian,0.94
68,680,Gaussian,0.96
68,690,Gaussian,0.94
68,700,Gaussian,0.94
68,710,Gaussian,0.94
68,720,Gaussian,0.96
68,730,Gaussian,1.0
68,740,Gaussian,0.9
68,750,Gaussian,0.98
68,760,Gaussian,0.98
68,770,Gaussian,0.96
68,780,Gaussian,0.98
68,790,Gaussian,0.96
68,800,Gaussian,0.94
68,810,Gaussian,0.98
68,820,Gaussian,0.98
68,830,Gaussian,1.0
68,840,Gaussian,0.98
68,850,Gaussian,0.98
68,860,Gaussian,0.94
68,870,Gaussian,0.96
68,880,Gaussian,1.0
68,890,Gaussian,1.0
68,900,Gaussian,0.96
68,910,Gaussian,1.0
68,920,Gaussian,1.0
68,930,Gaussian,1.0
68,940,Gaussian,0.98
68,950,Gaussian,0.98
68,960,Gaussian,1.0
68,970,Gaussian,1.0
68,980,Gaussian,1.0
68,990,Gaussian,1.0
70,100,Gaussian,0.0
70,110,Gaussian,0.0
70,120,Gaussian,0.0
70,130,Gaussian,0.0
70,140,Gaussian,0.0
70,150,Gaussian,0.0
70,160,Gaussian,0.0
70,170,Gaussian,0.0
70,180,Gaussian,0.0
70,190,Gaussian,0.0
70,200,Gaussian,0.0
70,210,Gaussian,0.0
70,220,Gaussian,0.0
70,230,Gaussian,0.0
70,240,Gaussian,0.02
70,250,Gaussian,0.0
70,260,Gaussian,0.06
70,270,Gaussian,0.06
70,280,Gaussian,0.04
70,290,Gaussian,0.06
70,300,Gaussian,0.12
70,310,Gaussian,0.06
70,320,Gaussian,0.14
70,330,Gaussian,0.16
70,340,Gaussian,0.12
70,350,Gaussian,0.2
70,360,Gaussian,0.2
70,370,Gaussian,0.28
70,380,Gaussian,0.28
70,390,Gaussian,0.36
70,400,Gaussian,0.4
70,410,Gaussian,0.32
70,420,Gaussian,0.3
70,430,Gaussian,0.5
70,440,Gaussian,0.5
70,450,Gaussian,0.48
70,460,Gaussian,0.46
70,470,Gaussian,0.54
70,480,Gaussian,0.56
70,490,Gaussian,0.62
70,500,Gaussian,0.56
70,510,Gaussian,0.74
70,520,Gaussian,0.74
70,530,Gaussian,0.72
70,540,Gaussian,0.62
70,550,Gaussian,0.7
70,560,Gaussian,0.74
70,570,Gaussian,0.64
70,580,Gaussian,0.84
70,590,Gaussian,0.88
70,600,Gaussian,0.8
70,610,Gaussian,0.92
70,620,Gaussian,0.82
70,630,Gaussian,0.88
70,640,Gaussian,0.92
70,650,Gaussian,0.82
70,660,Gaussian,0.82
70,670,Gaussian,0.84
70,680,Gaussian,0.92
70,690,Gaussian,0.92
70,700,Gaussian,0.98
70,710,Gaussian,0.92
70,720,Gaussian,0.96
70,730,Gaussian,0.88
70,740,Gaussian,0.94
70,750,Gaussian,0.94
70,760,Gaussian,0.96
70,770,Gaussian,0.98
70,780,Gaussian,0.96
70,790,Gaussian,0.94
70,800,Gaussian,0.98
70,810,Gaussian,0.98
70,820,Gaussian,0.98
70,830,Gaussian,1.0
70,840,Gaussian,1.0
70,850,Gaussian,0.96
70,860,Gaussian,1.0
70,870,Gaussian,0.98
70,880,Gaussian,0.96
70,890,Gaussian,0.98
70,900,Gaussian,0.98
70,910,Gaussian,1.0
70,920,Gaussian,1.0
70,930,Gaussian,1.0
70,940,Gaussian,0.98
70,950,Gaussian,1.0
70,960,Gaussian,1.0
70,970,Gaussian,1.0
70,980,Gaussian,1.0
70,990,Gaussian,1.0
72,100,Gaussian,0.0
72,110,Gaussian,0.0
72,120,Gaussian,0.0
72,130,Gaussian,0.0
72,140,Gaussian,0.0
72,150,Gaussian,0.0
72,160,Gaussian,0.0
72,170,Gaussian,0.0
72,180,Gaussian,0.0
72,190,Gaussian,0.0
72,200,Gaussian,0.0
72,210,Gaussian,0.02
72,220,Gaussian,0.02
72,230,Gaussian,0.0
72,240,Gaussian,0.02
72,250,Gaussian,0.02
72,260,Gaussian,0.04
72,270,Gaussian,0.0
72,280,Gaussian,0.0
72,290,Gaussian,0.1
72,300,Gaussian,0.06
72,310,Gaussian,0.08
72,320,Gaussian,0.06
72,330,Gaussian,0.14
72,340,Gaussian,0.24
72,350,Gaussian,0.08
72,360,Gaussian,0.22
72,370,Gaussian,0.22
72,380,Gaussian,0.26
72,390,Gaussian,0.34
72,400,Gaussian,0.22
72,410,Gaussian,0.3
72,420,Gaussian,0.36
72,430,Gaussian,0.32
72,440,Gaussian,0.38
72,450,Gaussian,0.34
72,460,Gaussian,0.36
72,470,Gaussian,0.6
72,480,Gaussian,0.44
72,490,Gaussian,0.58
72,500,Gaussian,0.42
72,510,Gaussian,0.68
72,520,Gaussian,0.58
72,530,Gaussian,0.64
72,540,Gaussian,0.68
72,550,Gaussian,0.7
72,560,Gaussian,0.74
72,570,Gaussian,0.72
72,580,Gaussian,0.78
72,590,Gaussian,0.88
72,600,Gaussian,0.8
72,610,Gaussian,0.82
72,620,Gaussian,0.8
72,630,Gaussian,0.74
72,640,Gaussian,0.84
72,650,Gaussian,0.82
72,660,Gaussian,0.86
72,670,Gaussian,0.82
72,680,Gaussian,0.88
72,690,Gaussian,0.84
72,700,Gaussian,0.92
72,710,Gaussian,0.9
72,720,Gaussian,0.96
72,730,Gaussian,0.96
72,740,Gaussian,0.86
72,750,Gaussian,0.96
72,760,Gaussian,0.96
72,770,Gaussian,0.94
72,780,Gaussian,0.94
72,790,Gaussian,0.98
72,800,Gaussian,1.0
72,810,Gaussian,0.98
72,820,Gaussian,0.94
72,830,Gaussian,0.98
72,840,Gaussian,0.98
72,850,Gaussian,1.0
72,860,Gaussian,1.0
72,870,Gaussian,0.96
72,880,Gaussian,0.98
72,890,Gaussian,0.98
72,900,Gaussian,0.96
72,910,Gaussian,0.98
72,920,Gaussian,0.92
72,930,Gaussian,1.0
72,940,Gaussian,0.98
72,950,Gaussian,1.0
72,960,Gaussian,0.98
72,970,Gaussian,1.0
72,980,Gaussian,1.0
72,990,Gaussian,1.0
74,100,Gaussian,0.0
74,110,Gaussian,0.0
74,120,Gaussian,0.0
74,130,Gaussian,0.0
74,140,Gaussian,0.0
74,150,Gaussian,0.0
74,160,Gaussian,0.0
74,170,Gaussian,0.0
74,180,Gaussian,0.0
74,190,Gaussian,0.0
74,200,Gaussian,0.0
74,210,Gaussian,0.0
74,220,Gaussian,0.0
74,230,Gaussian,0.0
74,240,Gaussian,0.0
74,250,Gaussian,0.0
74,260,Gaussian,0.02
74,270,Gaussian,0.0
74,280,Gaussian,0.0
74,290,Gaussian,0.04
74,300,Gaussian,0.04
74,310,Gaussian,0.04
74,320,Gaussian,0.06
74,330,Gaussian,0.02
74,340,Gaussian,0.14
74,350,Gaussian,0.14
74,360,Gaussian,0.06
74,370,Gaussian,0.12
74,380,Gaussian,0.14
74,390,Gaussian,0.22
74,400,Gaussian,0.36
74,410,Gaussian,0.22
74,420,Gaussian,0.34
74,430,Gaussian,0.4
74,440,Gaussian,0.4
74,450,Gaussian,0.4
74,460,Gaussian,0.44
74,470,Gaussian,0.44
74,480,Gaussian,0.44
74,490,Gaussian,0.46
74,500,Gaussian,0.64
74,510,Gaussian,0.68
74,520,Gaussian,0.62
74,530,Gaussian,0.74
74,540,Gaussian,0.64
74,550,Gaussian,0.68
74,560,Gaussian,0.62
74,570,Gaussian,0.78
74,580,Gaussian,0.68
74,590,Gaussian,0.72
74,600,Gaussian,0.78
74,610,Gaussian,0.76
74,620,Gaussian,0.82
74,630,Gaussian,0.7
74,640,Gaussian,0.86
74,650,Gaussian,0.8
74,660,Gaussian,0.78
74,670,Gaussian,0.84
74,680,Gaussian,0.86
74,690,Gaussian,0.88
74,700,Gaussian,0.92
74,710,Gaussian,0.86
74,720,Gaussian,0.88
74,730,Gaussian,0.94
74,740,Gaussian,0.86
74,750,Gaussian,0.96
74,760,Gaussian,0.98
74,770,Gaussian,0.9
74,780,Gaussian,0.86
74,790,Gaussian,0.94
74,800,Gaussian,0.96
74,810,Gaussian,0.96
74,820,Gaussian,0.98
74,830,Gaussian,0.96
74,840,Gaussian,0.96
74,850,Gaussian,0.98
74,860,Gaussian,0.96
74,870,Gaussian,1.0
74,880,Gaussian,0.98
74,890,Gaussian,0.96
74,900,Gaussian,1.0
74,910,Gaussian,1.0
74,920,Gaussian,0.98
74,930,Gaussian,0.98
74,940,Gaussian,1.0
74,950,Gaussian,0.98
74,960,Gaussian,0.96
74,970,Gaussian,0.96
74,980,Gaussian,0.98
74,990,Gaussian,1.0
76,100,Gaussian,0.0
76,110,Gaussian,0.0
76,120,Gaussian,0.0
76,130,Gaussian,0.0
76,140,Gaussian,0.0
76,150,Gaussian,0.0
76,160,Gaussian,0.0
76,170,Gaussian,0.0
76,180,Gaussian,0.0
76,190,Gaussian,0.0
76,200,Gaussian,0.0
76,210,Gaussian,0.0
76,220,Gaussian,0.0
76,230,Gaussian,0.0
76,240,Gaussian,0.02
76,250,Gaussian,0.0
76,260,Gaussian,0.0
76,270,Gaussian,0.04
76,280,Gaussian,0.0
76,290,Gaussian,0.02
76,300,Gaussian,0.0
76,310,Gaussian,0.06
76,320,Gaussian,0.08
76,330,Gaussian,0.02
76,340,Gaussian,0.02
76,350,Gaussian,0.1
76,360,Gaussian,0.12
76,370,Gaussian,0.22
76,380,Gaussian,0.14
76,390,Gaussian,0.22
76,400,Gaussian,0.18
76,410,Gaussian,0.22
76,420,Gaussian,0.26
76,430,Gaussian,0.32
76,440,Gaussian,0.32
76,450,Gaussian,0.28
76,460,Gaussian,0.38
76,470,Gaussian,0.5
76,480,Gaussian,0.58
76,490,Gaussian,0.6
76,500,Gaussian,0.42
76,510,Gaussian,0.46
76,520,Gaussian,0.62
76,530,Gaussian,0.54
76,540,Gaussian,0.5
76,550,Gaussian,0.7
76,560,Gaussian,0.76
76,570,Gaussian,0.58
76,580,Gaussian,0.74
76,590,Gaussian,0.74
76,600,Gaussian,0.74
76,610,Gaussian,0.72
76,620,Gaussian,0.72
76,630,Gaussian,0.76
76,640,Gaussian,0.74
76,650,Gaussian,0.78
76,660,Gaussian,0.8
76,670,Gaussian,0.76
76,680,Gaussian,0.82
76,690,Gaussian,0.8
76,700,Gaussian,0.88
76,710,Gaussian,0.9
76,720,Gaussian,0.84
76,730,Gaussian,0.9
76,740,Gaussian,0.88
76,750,Gaussian,0.96
76,760,Gaussian,0.9
76,770,Gaussian,0.9
76,780,Gaussian,0.94
76,790,Gaussian,0.9
76,800,Gaussian,0.9
76,810,Gaussian,0.96
76,820,Gaussian,0.94
76,830,Gaussian,0.96
76,840,Gaussian,0.94
76,850,Gaussian,0.96
76,860,Gaussian,0.98
76,870,Gaussian,0.98
76,880,Gaussian,0.96
76,890,Gaussian,0.98
76,900,Gaussian,0.98
76,910,Gaussian,0.98
76,920,Gaussian,0.9
76,930,Gaussian,1.0
76,940,Gaussian,1.0
76,950,Gaussian,0.96
76,960,Gaussian,0.98
76,970,Gaussian,0.96
76,980,Gaussian,0.96
76,990,Gaussian,0.96
78,100,Gaussian,0.0
78,110,Gaussian,0.0
78,120,Gaussian,0.0
78,130,Gaussian,0.0
78,140,Gaussian,0.0
78,150,Gaussian,0.0
78,160,Gaussian,0.0
78,170,Gaussian,0.0
78,180,Gaussian,0.0
78,190,Gaussian,0.0
78,200,Gaussian,0.0
78,210,Gaussian,0.0
78,220,Gaussian,0.0
78,230,Gaussian,0.0
78,240,Gaussian,0.0
78,250,Gaussian,0.0
78,260,Gaussian,0.04
78,270,Gaussian,0.0
78,280,Gaussian,0.02
78,290,Gaussian,0.04
78,300,Gaussian,0.0
78,310,Gaussian,0.02
78,320,Gaussian,0.04
78,330,Gaussian,0.06
78,340,Gaussian,0.06
78,350,Gaussian,0.06
78,360,Gaussian,0.08
78,370,Gaussian,0.1
78,380,Gaussian,0.14
78,390,Gaussian,0.22
78,400,Gaussian,0.18
78,410,Gaussian,0.16
78,420,Gaussian,0.18
78,430,Gaussian,0.18
78,440,Gaussian,0.28
78,450,Gaussian,0.28
78,460,Gaussian,0.3
78,470,Gaussian,0.36
78,480,Gaussian,0.32
78,490,Gaussian,0.52
78,500,Gaussian,0.52
78,510,Gaussian,0.36
78,520,Gaussian,0.48
78,530,Gaussian,0.58
78,540,Gaussian,0.68
78,550,Gaussian,0.6
78,560,Gaussian,0.6
78,570,Gaussian,0.6
78,580,Gaussian,0.74
78,590,Gaussian,0.54
78,600,Gaussian,0.68
78,610,Gaussian,0.76
78,620,Gaussian,0.74
78,630,Gaussian,0.64
78,640,Gaussian,0.68
78,650,Gaussian,0.8
78,660,Gaussian,0.78
78,670,Gaussian,0.7
78,680,Gaussian,0.86
78,690,Gaussian,0.82
78,700,Gaussian,0.88
78,710,Gaussian,0.8
78,720,Gaussian,0.86
78,730,Gaussian,0.84
78,740,Gaussian,0.78
78,750,Gaussian,0.88
78,760,Gaussian,0.98
78,770,Gaussian,0.9
78,780,Gaussian,0.9
78,790,Gaussian,0.86
78,800,Gaussian,0.94
78,810,Gaussian,0.96
78,820,Gaussian,0.94
78,830,Gaussian,0.94
78,840,Gaussian,0.94
78,850,Gaussian,0.94
78,860,Gaussian,0.96
78,870,Gaussian,0.92
78,880,Gaussian,0.92
78,890,Gaussian,0.96
78,900,Gaussian,0.94
78,910,Gaussian,0.94
78,920,Gaussian,0.96
78,930,Gaussian,0.96
78,940,Gaussian,1.0
78,950,Gaussian,0.92
78,960,Gaussian,0.94
78,970,Gaussian,0.98
78,980,Gaussian,1.0
78,990,Gaussian,0.94
80,100,Gaussian,0.0
80,110,Gaussian,0.0
80,120,Gaussian,0.0
80,130,Gaussian,0.0
80,140,Gaussian,0.0
80,150,Gaussian,0.0
80,160,Gaussian,0.0
80,170,Gaussian,0.0
80,180,Gaussian,0.0
80,190,Gaussian,0.0
80,200,Gaussian,0.0
80,210,Gaussian,0.0
80,220,Gaussian,0.0
80,230,Gaussian,0.0
80,240,Gaussian,0.0
80,250,Gaussian,0.0
80,260,Gaussian,0.0
80,270,Gaussian,0.0
80,280,Gaussian,0.0
80,290,Gaussian,0.0
80,300,Gaussian,0.06
80,310,Gaussian,0.04
80,320,Gaussian,0.04
80,330,Gaussian,0.04
80,340,Gaussian,0.02
80,350,Gaussian,0.02
80,360,Gaussian,0.14
80,370,Gaussian,0.1
80,380,Gaussian,0.1
80,390,Gaussian,0.2
80,400,Gaussian,0.1
80,410,Gaussian,0.18
80,420,Gaussian,0.2
80,430,Gaussian,0.28
80,440,Gaussian,0.18
80,450,Gaussian,0.28
80,460,Gaussian,0.32
80,470,Gaussian,0.42
80,480,Gaussian,0.42
80,490,Gaussian,0.36
80,500,Gaussian,0.42
80,510,Gaussian,0.5
80,520,Gaussian,0.4
80,530,Gaussian,0.48
80,540,Gaussian,0.58
80,550,Gaussian,0.62
80,560,Gaussian,0.66
80,570,Gaussian,0.62
80,580,Gaussian,0.56
80,590,Gaussian,0.6
80,600,Gaussian,0.6
80,610,Gaussian,0.7
80,620,Gaussian,0.7
80,630,Gaussian,0.72
80,640,Gaussian,0.72
80,650,Gaussian,0.72
80,660,Gaussian,0.72
80,670,Gaussian,0.78
80,680,Gaussian,0.84
80,690,Gaussian,0.82
80,700,Gaussian,0.82
80,710,Gaussian,0.84
80,720,Gaussian,0.86
80,730,Gaussian,0.8
80,740,Gaussian,0.88
80,750,Gaussian,0.9
80,760,Gaussian,0.88
80,770,Gaussian,0.84
80,780,Gaussian,0.96
80,790,Gaussian,0.9
80,800,Gaussian,0.9
80,810,Gaussian,0.92
80,820,Gaussian,0.84
80,830,Gaussian,0.88
80,840,Gaussian,0.94
80,850,Gaussian,0.84
80,860,Gaussian,0.94
80,870,Gaussian,0.92
80,880,Gaussian,0.9
80,890,Gaussian,0.94
80,900,Gaussian,0.96
80,910,Gaussian,0.98
80,920,Gaussian,0.92
80,930,Gaussian,0.94
80,940,Gaussian,0.88
80,950,Gaussian,1.0
80,960,Gaussian,0.96
80,970,Gaussian,0.96
80,980,Gaussian,1.0
80,990,Gaussian,0.96
82,100,Gaussian,0.0
82,110,Gaussian,0.0
82,120,Gaussian,0.0
82,130,Gaussian,0.0
82,140,Gaussian,0.0
82,150,Gaussian,0.0
82,160,Gaussian,0.0
82,170,Gaussian,0.0
82,180,Gaussian,0.0
82,190,Gaussian,0.0
82,200,Gaussian,0.0
82,210,Gaussian,0.0
82,220,Gaussian,0.0
82,230,Gaussian,0.0
82,240,Gaussian,0.0
82,250,Gaussian,0.0
82,260,Gaussian,0.0
82,270,Gaussian,0.0
82,280,Gaussian,0.0
82,290,Gaussian,0.0
82,300,Gaussian,0.02
82,310,Gaussian,0.04
82,320,Gaussian,0.0
82,330,Gaussian,0.0
82,340,Gaussian,0.04
82,350,Gaussian,0.06
82,360,Gaussian,0.08
82,370,Gaussian,0.12
82,380,Gaussian,0.1
82,390,Gaussian,0.08
82,400,Gaussian,0.14
82,410,Gaussian,0.16
82,420,Gaussian,0.1
82,430,Gaussian,0.22
82,440,Gaussian,0.18
82,450,Gaussian,0.3
82,460,Gaussian,0.38
82,470,Gaussian,0.24
82,480,Gaussian,0.3
82,490,Gaussian,0.32
82,500,Gaussian,0.32
82,510,Gaussian,0.38
82,520,Gaussian,0.46
82,530,Gaussian,0.56
82,540,Gaussian,0.54
82,550,Gaussian,0.46
82,560,Gaussian,0.48
82,570,Gaussian,0.5
82,580,Gaussian,0.64
82,590,Gaussian,0.62
82,600,Gaussian,0.58
82,610,Gaussian,0.7
82,620,Gaussian,0.64
82,630,Gaussian,0.72
82,640,Gaussian,0.78
82,650,Gaussian,0.7
82,660,Gaussian,0.7
82,670,Gaussian,0.76
82,680,Gaussian,0.74
82,690,Gaussian,0.82
82,700,Gaussian,0.78
82,710,Gaussian,0.84
82,720,Gaussian,0.84
82,730,Gaussian,0.82
82,740,Gaussian,0.82
82,750,Gaussian,0.82
82,760,Gaussian,0.88
82,770,Gaussian,0.88
82,780,Gaussian,0.9
82,790,Gaussian,0.88
82,800,Gaussian,0.9
82,810,Gaussian,0.88
82,820,Gaussian,0.9
82,830,Gaussian,0.94
82,840,Gaussian,0.92
82,850,Gaussian,0.94
82,860,Gaussian,0.96
82,870,Gaussian,0.92
82,880,Gaussian,0.94
82,890,Gaussian,0.88
82,900,Gaussian,0.94
82,910,Gaussian,0.96
82,920,Gaussian,0.98
82,930,Gaussian,0.96
82,940,Gaussian,1.0
82,950,Gaussian,0.94
82,960,Gaussian,0.94
82,970,Gaussian,1.0
82,980,Gaussian,0.98
82,990,Gaussian,0.92
84,100,Gaussian,0.0
84,110,Gaussian,0.0
84,120,Gaussian,0.0
84,130,Gaussian,0.0
84,140,Gaussian,0.0
84,150,Gaussian,0.0
84,160,Gaussian,0.0
84,170,Gaussian,0.0
84,180,Gaussian,0.0
84,190,Gaussian,0.0
84,200,Gaussian,0.0
84,210,Gaussian,0.0
84,220,Gaussian,0.0
84,230,Gaussian,0.0
84,240,Gaussian,0.0
84,250,Gaussian,0.0
84,260,Gaussian,0.0
84,270,Gaussian,0.0
84,280,Gaussian,0.0
84,290,Gaussian,0.0
84,300,Gaussian,0.0
84,310,Gaussian,0.02
84,320,Gaussian,0.0
84,330,Gaussian,0.0
84,340,Gaussian,0.06
84,350,Gaussian,0.04
84,360,Gaussian,0.08
84,370,Gaussian,0.06
84,380,Gaussian,0.08
84,390,Gaussian,0.08
84,400,Gaussian,0.12
84,410,Gaussian,0.16
84,420,Gaussian,0.14
84,430,Gaussian,0.16
84,440,Gaussian,0.2
84,450,Gaussian,0.26
84,460,Gaussian,0.26
84,470,Gaussian,0.28
84,480,Gaussian,0.26
84,490,Gaussian,0.28
84,500,Gaussian,0.34
84,510,Gaussian,0.38
84,520,Gaussian,0.36
84,530,Gaussian,0.42
84,540,Gaussian,0.36
84,550,Gaussian,0.42
84,560,Gaussian,0.52
84,570,Gaussian,0.42
84,580,Gaussian,0.62
84,590,Gaussian,0.48
84,600,Gaussian,0.54
84,610,Gaussian,0.54
84,620,Gaussian,0.78
84,630,Gaussian,0.64
84,640,Gaussian,0.72
84,650,Gaussian,0.6
84,660,Gaussian,0.74
84,670,Gaussian,0.7
84,680,Gaussian,0.8
84,690,Gaussian,0.74
84,700,Gaussian,0.8
84,710,Gaussian,0.74
84,720,Gaussian,0.74
84,730,Gaussian,0.82
84,740,Gaussian,0.8
84,750,Gaussian,0.88
84,760,Gaussian,0.84
84,770,Gaussian,0.92
84,780,Gaussian,0.82
84,790,Gaussian,0.9
84,800,Gaussian,0.92
84,810,Gaussian,0.88
84,820,Gaussian,0.86
84,830,Gaussian,0.78
84,840,Gaussian,0.94
84,850,Gaussian,0.92
84,860,Gaussian,0.94
84,870,Gaussian,0.96
84,880,Gaussian,0.84
84,890,Gaussian,0.82
84,900,Gaussian,1.0
84,910,Gaussian,0.96
84,920,Gaussian,0.96
84,930,Gaussian,0.98
84,940,Gaussian,0.94
84,950,Gaussian,0.98
84,960,Gaussian,0.92
84,970,Gaussian,0.94
84,980,Gaussian,0.92
84,990,Gaussian,0.96
86,100,Gaussian,0.0
86,110,Gaussian,0.0
86,120,Gaussian,0.0
86,130,Gaussian,0.0
86,140,Gaussian,0.0
86,150,Gaussian,0.0
86,160,Gaussian,0.0
86,170,Gaussian,0.0
86,180,Gaussian,0.0
86,190,Gaussian,0.0
86,200,Gaussian,0.0
86,210,Gaussian,0.0
86,220,Gaussian,0.0
86,230,Gaussian,0.0
86,240,Gaussian,0.0
86,250,Gaussian,0.0
86,260,Gaussian,0.0
86,270,Gaussian,0.0
86,280,Gaussian,0.0
86,290,Gaussian,0.0
86,300,Gaussian,0.0
86,310,Gaussian,0.02
86,320,Gaussian,0.0
86,330,Gaussian,0.02
86,340,Gaussian,0.02
86,350,Gaussian,0.04
86,360,Gaussian,0.02
86,370,Gaussian,0.04
86,380,Gaussian,0.1
86,390,Gaussian,0.08
86,400,Gaussian,0.08
86,410,Gaussian,0.1
86,420,Gaussian,0.04
86,430,Gaussian,0.06
86,440,Gaussian,0.12
86,450,Gaussian,0.28
86,460,Gaussian,0.14
86,470,Gaussian,0.32
86,480,Gaussian,0.28
86,490,Gaussian,0.24
86,500,Gaussian,0.3
86,510,Gaussian,0.26
86,520,Gaussian,0.28
86,530,Gaussian,0.36
86,540,Gaussian,0.42
86,550,Gaussian,0.48
86,560,Gaussian,0.5
86,570,Gaussian,0.46
86,580,Gaussian,0.54
86,590,Gaussian,0.48
86,600,Gaussian,0.56
86,610,Gaussian,0.62
86,620,Gaussian,0.54
86,630,Gaussian,0.64
86,640,Gaussian,0.6
86,650,Gaussian,0.68
86,660,Gaussian,0.66
86,670,Gaussian,0.68
86,680,Gaussian,0.74
86,690,Gaussian,0.68
86,700,Gaussian,0.72
86,710,Gaussian,0.7
86,720,Gaussian,0.88
86,730,Gaussian,0.74
86,740,Gaussian,0.72
86,750,Gaussian,0.88
86,760,Gaussian,0.78
86,770,Gaussian,0.72
86,780,Gaussian,0.76
86,790,Gaussian,0.82
86,800,Gaussian,0.88
86,810,Gaussian,0.86
86,820,Gaussian,0.8
86,830,Gaussian,0.82
86,840,Gaussian,0.9
86,850,Gaussian,0.8
86,860,Gaussian,0.9
86,870,Gaussian,0.86
86,880,Gaussian,0.92
86,890,Gaussian,0.92
86,900,Gaussian,0.92
86,910,Gaussian,0.96
86,920,Gaussian,0.98
86,930,Gaussian,0.84
86,940,Gaussian,0.98
86,950,Gaussian,0.88
86,960,Gaussian,0.98
86,970,Gaussian,0.98
86,980,Gaussian,0.98
86,990,Gaussian,0.98
88,100,Gaussian,0.0
88,110,Gaussian,0.0
88,120,Gaussian,0.0
88,130,Gaussian,0.0
88,140,Gaussian,0.0
88,150,Gaussian,0.0
88,160,Gaussian,0.0
88,170,Gaussian,0.0
88,180,Gaussian,0.0
88,190,Gaussian,0.0
88,200,Gaussian,0.0
88,210,Gaussian,0.0
88,220,Gaussian,0.0
88,230,Gaussian,0.0
88,240,Gaussian,0.0
88,250,Gaussian,0.0
88,260,Gaussian,0.0
88,270,Gaussian,0.0
88,280,Gaussian,0.0
88,290,Gaussian,0.0
88,300,Gaussian,0.0
88,310,Gaussian,0.02
88,320,Gaussian,0.02
88,330,Gaussian,0.0
88,340,Gaussian,0.0
88,350,Gaussian,0.0
88,360,Gaussian,0.02
88,370,Gaussian,0.0
88,380,Gaussian,0.1
88,390,Gaussian,0.0
88,400,Gaussian,0.2
88,410,Gaussian,0.14
88,420,Gaussian,0.08
88,430,Gaussian,0.14
88,440,Gaussian,0.18
88,450,Gaussian,0.16
88,460,Gaussian,0.16
88,470,Gaussian,0.16
88,480,Gaussian,0.1
88,490,Gaussian,0.2
88,500,Gaussian,0.38
88,510,Gaussian,0.42
88,520,Gaussian,0.26
88,530,Gaussian,0.3
88,540,Gaussian,0.44
88,550,Gaussian,0.26
88,560,Gaussian,0.52
88,570,Gaussian,0.48
88,580,Gaussian,0.38
88,590,Gaussian,0.44
88,600,Gaussian,0.54
88,610,Gaussian,0.6
88,620,Gaussian,0.58
88,630,Gaussian,0.6
88,640,Gaussian,0.46
88,650,Gaussian,0.64
88,660,Gaussian,0.6
88,670,Gaussian,0.62
88,680,Gaussian,0.74
88,690,Gaussian,0.6
88,700,Gaussian,0.78
88,710,Gaussian,0.74
88,720,Gaussian,0.8
88,730,Gaussian,0.78
88,740,Gaussian,0.72
88,750,Gaussian,0.66
88,760,Gaussian,0.8
88,770,Gaussian,0.76
88,780,Gaussian,0.8
88,790,Gaussian,0.78
88,800,Gaussian,0.88
88,810,Gaussian,0.92
88,820,Gaussian,0.86
88,830,Gaussian,0.88
88,840,Gaussian,0.86
88,850,Gaussian,0.88
88,860,Gaussian,0.86
88,870,Gaussian,0.92
88,880,Gaussian,0.9
88,890,Gaussian,0.88
88,900,Gaussian,0.86
88,910,Gaussian,0.88
88,920,Gaussian,0.9
88,930,Gaussian,0.94
88,940,Gaussian,0.84
88,950,Gaussian,0.92
88,960,Gaussian,0.96
88,970,Gaussian,0.96
88,980,Gaussian,0.98
88,990,Gaussian,1.0
90,100,Gaussian,0.0
90,110,Gaussian,0.0
90,120,Gaussian,0.0
90,130,Gaussian,0.0
90,140,Gaussian,0.0
90,150,Gaussian,0.0
90,160,Gaussian,0.0
90,170,Gaussian,0.0
90,180,Gaussian,0.0
90,190,Gaussian,0.0
90,200,Gaussian,0.0
90,210,Gaussian,0.0
90,220,Gaussian,0.0
90,230,Gaussian,0.0
90,240,Gaussian,0.0
90,250,Gaussian,0.0
90,260,Gaussian,0.0
90,270,Gaussian,0.0
90,280,Gaussian,0.0
90,290,Gaussian,0.0
90,300,Gaussian,0.0
90,310,Gaussian,0.0
90,320,Gaussian,0.02
90,330,Gaussian,0.0
90,340,Gaussian,0.0
90,350,Gaussian,0.0
90,360,Gaussian,0.04
90,370,Gaussian,0.0
90,380,Gaussian,0.02
90,390,Gaussian,0.06
90,400,Gaussian,0.04
90,410,Gaussian,0.12
90,420,Gaussian,0.04
90,430,Gaussian,0.06
90,440,Gaussian,0.08
90,450,Gaussian,0.08
90,460,Gaussian,0.06
90,470,Gaussian,0.2
90,480,Gaussian,0.24
90,490,Gaussian,0.22
90,500,Gaussian,0.08
90,510,Gaussian,0.26
90,520,Gaussian,0.36
90,530,Gaussian,0.26
90,540,Gaussian,0.22
90,550,Gaussian,0.24
90,560,Gaussian,0.42
90,570,Gaussian,0.38
90,580,Gaussian,0.38
90,590,Gaussian,0.48
90,600,Gaussian,0.52
90,610,Gaussian,0.52
90,620,Gaussian,0.52
90,630,Gaussian,0.54
90,640,Gaussian,0.46
90,650,Gaussian,0.56
90,660,Gaussian,0.54
90,670,Gaussian,0.56
90,680,Gaussian,0.58
90,690,Gaussian,0.6
90,700,Gaussian,0.7
90,710,Gaussian,0.62
90,720,Gaussian,0.58
90,730,Gaussian,0.72
90,740,Gaussian,0.7
90,750,Gaussian,0.86
90,760,Gaussian,0.76
90,770,Gaussian,0.66
90,780,Gaussian,0.78
90,790,Gaussian,0.76
90,800,Gaussian,0.76
90,810,Gaussian,0.8
90,820,Gaussian,0.8
90,830,Gaussian,0.84
90,840,Gaussian,0.76
90,850,Gaussian,0.88
90,860,Gaussian,0.9
90,870,Gaussian,0.84
90,880,Gaussian,0.86
90,890,Gaussian,0.86
90,900,Gaussian,0.94
90,910,Gaussian,0.9
90,920,Gaussian,0.82
90,930,Gaussian,0.92
90,940,Gaussian,0.94
90,950,Gaussian,0.9
90,960,Gaussian,1.0
90,970,Gaussian,0.94
90,980,Gaussian,0.98
90,990,Gaussian,0.96
92,100,Gaussian,0.0
92,110,Gaussian,0.0
92,120,Gaussian,0.0
92,130,Gaussian,0.0
92,140,Gaussian,0.0
92,150,Gaussian,0.0
92,160,Gaussian,0.0
92,170,Gaussian,0.0
92,180,Gaussian,0.0
92,190,Gaussian,0.0
92,200,Gaussian,0.0
92,210,Gaussian,0.0
92,220,Gaussian,0.0
92,230,Gaussian,0.0
92,240,Gaussian,0.0
92,250,Gaussian,0.0
92,260,Gaussian,0.0
92,270,Gaussian,0.0
92,280,Gaussian,0.0
92,290,Gaussian,0.0
92,300,Gaussian,0.0
92,310,Gaussian,0.0
92,320,Gaussian,0.0
92,330,Gaussian,0.0
92,340,Gaussian,0.02
92,350,Gaussian,0.0
92,360,Gaussian,0.02
92,370,Gaussian,0.02
92,380,Gaussian,0.0
92,390,Gaussian,0.04
92,400,Gaussian,0.06
92,410,Gaussian,0.08
92,420,Gaussian,0.16
92,430,Gaussian,0.08
92,440,Gaussian,0.04
92,450,Gaussian,0.08
92,460,Gaussian,0.14
92,470,Gaussian,0.12
92,480,Gaussian,0.08
92,490,Gaussian,0.18
92,500,Gaussian,0.2
92,510,Gaussian,0.16
92,520,Gaussian,0.26
92,530,Gaussian,0.18
92,540,Gaussian,0.26
92,550,Gaussian,0.28
92,560,Gaussian,0.44
92,570,Gaussian,0.36
92,580,Gaussian,0.28
92,590,Gaussian,0.3
92,600,Gaussian,0.38
92,610,Gaussian,0.38
92,620,Gaussian,0.46
92,630,Gaussian,0.44
92,640,Gaussian,0.38
92,650,Gaussian,0.44
92,660,Gaussian,0.6
92,670,Gaussian,0.62
92,680,Gaussian,0.7
92,690,Gaussian,0.62
92,700,Gaussian,0.58
92,710,Gaussian,0.56
92,720,Gaussian,0.62
92,730,Gaussian,0.68
92,740,Gaussian,0.74
92,750,Gaussian,0.74
92,760,Gaussian,0.74
92,770,Gaussian,0.8
92,780,Gaussian,0.74
92,790,Gaussian,0.7
92,800,Gaussian,0.8
92,810,Gaussian,0.74
92,820,Gaussian,0.72
92,830,Gaussian,0.9
92,840,Gaussian,0.86
92,850,Gaussian,0.76
92,860,Gaussian,0.9
92,870,Gaussian,0.86
92,880,Gaussian,0.86
92,890,Gaussian,0.88
92,900,Gaussian,0.92
92,910,Gaussian,0.94
92,920,Gaussian,0.92
92,930,Gaussian,0.88
92,940,Gaussian,0.9
92,950,Gaussian,0.92
92,960,Gaussian,0.9
92,970,Gaussian,0.9
92,980,Gaussian,0.94
92,990,Gaussian,0.92
94,100,Gaussian,0.0
94,110,Gaussian,0.0
94,120,Gaussian,0.0
94,130,Gaussian,0.0
94,140,Gaussian,0.0
94,150,Gaussian,0.0
94,160,Gaussian,0.0
94,170,Gaussian,0.0
94,180,Gaussian,0.0
94,190,Gaussian,0.0
94,200,Gaussian,0.0
94,210,Gaussian,0.0
94,220,Gaussian,0.0
94,230,Gaussian,0.0
94,240,Gaussian,0.0
94,250,Gaussian,0.0
94,260,Gaussian,0.0
94,270,Gaussian,0.0
94,280,Gaussian,0.0
94,290,Gaussian,0.0
94,300,Gaussian,0.02
94,310,Gaussian,0.02
94,320,Gaussian,0.0
94,330,Gaussian,0.0
94,340,Gaussian,0.02
94,350,Gaussian,0.02
94,360,Gaussian,0.0
94,370,Gaussian,0.02
94,380,Gaussian,0.0
94,390,Gaussian,0.02
94,400,Gaussian,0.02
94,410,Gaussian,0.04
94,420,Gaussian,0.02
94,430,Gaussian,0.08
94,440,Gaussian,0.06
94,450,Gaussian,0.06
94,460,Gaussian,0.04
94,470,Gaussian,0.16
94,480,Gaussian,0.16
94,490,Gaussian,0.18
94,500,Gaussian,0.1
94,510,Gaussian,0.26
94,520,Gaussian,0.1
94,530,Gaussian,0.24
94,540,Gaussian,0.22
94,550,Gaussian,0.2
94,560,Gaussian,0.26
94,570,Gaussian,0.24
94,580,Gaussian,0.34
94,590,Gaussian,0.4
94,600,Gaussian,0.34
94,610,Gaussian,0.46
94,620,Gaussian,0.48
94,630,Gaussian,0.46
94,640,Gaussian,0.58
94,650,Gaussian,0.4
94,660,Gaussian,0.48
94,670,Gaussian,0.6
94,680,Gaussian,0.56
94,690,Gaussian,0.7
94,700,Gaussian,0.66
94,710,Gaussian,0.6
94,720,Gaussian,0.58
94,730,Gaussian,0.64
94,740,Gaussian,0.6
94,750,Gaussian,0.72
94,760,Gaussian,0.7
94,770,Gaussian,0.72
94,780,Gaussian,0.66
94,790,Gaussian,0.76
94,800,Gaussian,0.74
94,810,Gaussian,0.8
94,820,Gaussian,0.76
94,830,Gaussian,0.84
94,840,Gaussian,0.74
94,850,Gaussian,0.84
94,860,Gaussian,0.86
94,870,Gaussian,0.88
94,880,Gaussian,0.8
94,890,Gaussian,0.84
94,900,Gaussian,0.82
94,910,Gaussian,0.88
94,920,Gaussian,0.84
94,930,Gaussian,0.86
94,940,Gaussian,0.88
94,950,Gaussian,0.86
94,960,Gaussian,0.92
94,970,Gaussian,0.94
94,980,Gaussian,0.88
94,990,Gaussian,0.88
96,100,Gaussian,0.0
96,110,Gaussian,0.0
96,120,Gaussian,0.0
96,130,Gaussian,0.0
96,140,Gaussian,0.0
96,150,Gaussian,0.0
96,160,Gaussian,0.0
96,170,Gaussian,0.0
96,180,Gaussian,0.0
96,190,Gaussian,0.0
96,200,Gaussian,0.0
96,210,Gaussian,0.0
96,220,Gaussian,0.0
96,230,Gaussian,0.0
96,240,Gaussian,0.0
96,250,Gaussian,0.0
96,260,Gaussian,0.0
96,270,Gaussian,0.0
96,280,Gaussian,0.0
96,290,Gaussian,0.0
96,300,Gaussian,0.0
96,310,Gaussian,0.0
96,320,Gaussian,0.0
96,330,Gaussian,0.0
96,340,Gaussian,0.02
96,350,Gaussian,0.0
96,360,Gaussian,0.0
96,370,Gaussian,0.02
96,380,Gaussian,0.0
96,390,Gaussian,0.02
96,400,Gaussian,0.0
96,410,Gaussian,0.0
96,420,Gaussian,0.06
96,430,Gaussian,0.06
96,440,Gaussian,0.04
96,450,Gaussian,0.06
96,460,Gaussian,0.16
96,470,Gaussian,0.08
96,480,Gaussian,0.1
96,490,Gaussian,0.18
96,500,Gaussian,0.16
96,510,Gaussian,0.14
96,520,Gaussian,0.16
96,530,Gaussian,0.14
96,540,Gaussian,0.28
96,550,Gaussian,0.22
96,560,Gaussian,0.22
96,570,Gaussian,0.26
96,580,Gaussian,0.34
96,590,Gaussian,0.28
96,600,Gaussian,0.4
96,610,Gaussian,0.32
96,620,Gaussian,0.4
96,630,Gaussian,0.48
96,640,Gaussian,0.42
96,650,Gaussian,0.48
96,660,Gaussian,0.56
96,670,Gaussian,0.5
96,680,Gaussian,0.5
96,690,Gaussian,0.58
96,700,Gaussian,0.58
96,710,Gaussian,0.6
96,720,Gaussian,0.66
96,730,Gaussian,0.76
96,740,Gaussian,0.7
96,750,Gaussian,0.64
96,760,Gaussian,0.74
96,770,Gaussian,0.72
96,780,Gaussian,0.7
96,790,Gaussian,0.7
96,800,Gaussian,0.7
96,810,Gaussian,0.74
96,820,Gaussian,0.82
96,830,Gaussian,0.82
96,840,Gaussian,0.66
96,850,Gaussian,0.7
96,860,Gaussian,0.8
96,870,Gaussian,0.8
96,880,Gaussian,0.9
96,890,Gaussian,0.92
96,900,Gaussian,0.78
96,910,Gaussian,0.82
96,920,Gaussian,0.92
96,930,Gaussian,0.92
96,940,Gaussian,0.9
96,950,Gaussian,0.88
96,960,Gaussian,0.92
96,970,Gaussian,0.88
96,980,Gaussian,0.94
96,990,Gaussian,0.88
98,100,Gaussian,0.0
98,110,Gaussian,0.0
98,120,Gaussian,0.0
98,130,Gaussian,0.0
98,140,Gaussian,0.0
98,150,Gaussian,0.0
98,160,Gaussian,0.0
98,170,Gaussian,0.0
98,180,Gaussian,0.0
98,190,Gaussian,0.0
98,200,Gaussian,0.0
98,210,Gaussian,0.0
98,220,Gaussian,0.0
98,230,Gaussian,0.0
98,240,Gaussian,0.0
98,250,Gaussian,0.0
98,260,Gaussian,0.0
98,270,Gaussian,0.0
98,280,Gaussian,0.0
98,290,Gaussian,0.0
98,300,Gaussian,0.0
98,310,Gaussian,0.0
98,320,Gaussian,0.0
98,330,Gaussian,0.0
98,340,Gaussian,0.0
98,350,Gaussian,0.0
98,360,Gaussian,0.02
98,370,Gaussian,0.0
98,380,Gaussian,0.02
98,390,Gaussian,0.02
98,400,Gaussian,0.02
98,410,Gaussian,0.02
98,420,Gaussian,0.02
98,430,Gaussian,0.04
98,440,Gaussian,0.06
98,450,Gaussian,0.02
98,460,Gaussian,0.06
98,470,Gaussian,0.1
98,480,Gaussian,0.08
98,490,Gaussian,0.08
98,500,Gaussian,0.08
98,510,Gaussian,0.1
98,520,Gaussian,0.08
98,530,Gaussian,0.18
98,540,Gaussian,0.14
98,550,Gaussian,0.18
98,560,Gaussian,0.22
98,570,Gaussian,0.24
98,580,Gaussian,0.28
98,590,Gaussian,0.32
98,600,Gaussian,0.36
98,610,Gaussian,0.28
98,620,Gaussian,0.42
98,630,Gaussian,0.62
98,640,Gaussian,0.44
98,650,Gaussian,0.54
98,660,Gaussian,0.34
98,670,Gaussian,0.5
98,680,Gaussian,0.58
98,690,Gaussian,0.44
98,700,Gaussian,0.48
98,710,Gaussian,0.52
98,720,Gaussian,0.6
98,730,Gaussian,0.54
98,740,Gaussian,0.5
98,750,Gaussian,0.6
98,760,Gaussian,0.7
98,770,Gaussian,0.66
98,780,Gaussian,0.68
98,790,Gaussian,0.82
98,800,Gaussian,0.7
98,810,Gaussian,0.74
98,820,Gaussian,0.78
98,830,Gaussian,0.72
98,840,Gaussian,0.74
98,850,Gaussian,0.78
98,860,Gaussian,0.76
98,870,Gaussian,0.78
98,880,Gaussian,0.86
98,890,Gaussian,0.84
98,900,Gaussian,0.82
98,910,Gaussian,0.82
98,920,Gaussian,0.84
98,930,Gaussian,0.94
98,940,Gaussian,0.94
98,950,Gaussian,0.8
98,960,Gaussian,0.84
98,970,Gaussian,0.9
98,980,Gaussian,0.96
98,990,Gaussian,0.86
